factory_id,date,nominal_capacity_units,committed_capacity_units,available_capacity_units,operating_cost_per_unit_usd,labor_cost_per_unit_usd,conversion_cost_per_unit_usd
F001,2027-01-01,4000,3026,974,118.79,38.32,157.11
F001,2027-01-02,4000,3026,974,118.79,38.32,157.11
F001,2027-01-03,4000,3026,974,118.79,38.32,157.11
F001,2027-01-04,4000,3026,974,118.79,38.32,157.11
F001,2027-01-05,4000,3026,974,118.79,38.32,157.11
F001,2027-01-06,4000,3026,974,118.79,38.32,157.11
F001,2027-01-07,4000,3026,974,118.79,38.32,157.11
F001,2027-01-08,4000,3026,974,118.79,38.32,157.11
F001,2027-01-09,4000,3026,974,118.79,38.32,157.11
F001,2027-01-10,4000,3026,974,118.79,38.32,157.11
F001,2027-01-11,4000,3026,974,118.79,38.32,157.11
F001,2027-01-12,4000,3026,974,118.79,38.32,157.11
F001,2027-01-13,4000,3026,974,118.79,38.32,157.11
F001,2027-01-14,4000,3026,974,118.79,38.32,157.11
F001,2027-01-15,4000,3026,974,118.79,38.32,157.11
F001,2027-01-16,4000,3026,974,118.79,38.32,157.11
F001,2027-01-17,4000,3026,974,118.79,38.32,157.11
F001,2027-01-18,4000,3026,974,118.79,38.32,157.11
F001,2027-01-19,4000,3026,974,118.79,38.32,157.11
F001,2027-01-20,4000,3026,974,118.79,38.32,157.11
F001,2027-01-21,4000,3026,974,118.79,38.32,157.11
F001,2027-01-22,4000,3026,974,118.79,38.32,157.11
F001,2027-01-23,4000,3026,974,118.79,38.32,157.11
F001,2027-01-24,4000,3026,974,118.79,38.32,157.11
F001,2027-01-25,4000,3026,974,118.79,38.32,157.11
F001,2027-01-26,4000,3026,974,118.79,38.32,157.11
F001,2027-01-27,4000,3026,974,118.79,38.32,157.11
F001,2027-01-28,4000,3026,974,118.79,38.32,157.11
F001,2027-01-29,4000,3026,974,118.79,38.32,157.11
F001,2027-01-30,4000,3026,974,118.79,38.32,157.11
F001,2027-01-31,4000,3026,974,118.79,38.32,157.11
F002,2027-01-01,11500,9546,1954,44.11,8.69,52.80
F002,2027-01-02,11500,9546,1954,44.11,8.69,52.80
F002,2027-01-03,11500,9546,1954,44.11,8.69,52.80
F002,2027-01-04,11500,9546,1954,44.11,8.69,52.80
F002,2027-01-05,11500,9546,1954,44.11,8.69,52.80
F002,2027-01-06,11500,9546,1954,44.11,8.69,52.80
F002,2027-01-07,11500,9546,1954,44.11,8.69,52.80
F002,2027-01-08,11500,9546,1954,44.11,8.69,52.80
F002,2027-01-09,11500,9546,1954,44.11,8.69,52.80
F002,2027-01-10,11500,9546,1954,44.11,8.69,52.80
F002,2027-01-11,11500,9546,1954,44.11,8.69,52.80
F002,2027-01-12,11500,9546,1954,44.11,8.69,52.80
F002,2027-01-13,11500,9546,1954,44.11,8.69,52.80
F002,2027-01-14,11500,9546,1954,44.11,8.69,52.80
F002,2027-01-15,11500,9546,1954,44.11,8.69,52.80
F002,2027-01-16,11500,9546,1954,44.11,8.69,52.80
F002,2027-01-17,11500,9546,1954,44.11,8.69,52.80
F002,2027-01-18,11500,9546,1954,44.11,8.69,52.80
F002,2027-01-19,11500,9546,1954,44.11,8.69,52.80
F002,2027-01-20,11500,9546,1954,44.11,8.69,52.80
F002,2027-01-21,11500,9546,1954,44.11,8.69,52.80
F002,2027-01-22,11500,9546,1954,44.11,8.69,52.80
F002,2027-01-23,11500,9546,1954,44.11,8.69,52.80
F002,2027-01-24,11500,9546,1954,44.11,8.69,52.80
F002,2027-01-25,11500,9546,1954,44.11,8.69,52.80
F002,2027-01-26,11500,9546,1954,44.11,8.69,52.80
F002,2027-01-27,11500,9546,1954,44.11,8.69,52.80
F002,2027-01-28,11500,9546,1954,44.11,8.69,52.80
F002,2027-01-29,11500,9546,1954,44.11,8.69,52.80
F002,2027-01-30,11500,9546,1954,44.11,8.69,52.80
F002,2027-01-31,11500,9546,1954,44.11,8.69,52.80
F003,2027-01-01,17000,11638,5362,125.43,44.44,169.87
F003,2027-01-02,17000,11638,5362,125.43,44.44,169.87
F003,2027-01-03,17000,11638,5362,125.43,44.44,169.87
F003,2027-01-04,17000,11638,5362,125.43,44.44,169.87
F003,2027-01-05,17000,11638,5362,125.43,44.44,169.87
F003,2027-01-06,17000,11638,5362,125.43,44.44,169.87
F003,2027-01-07,17000,11638,5362,125.43,44.44,169.87
F003,2027-01-08,17000,11638,5362,125.43,44.44,169.87
F003,2027-01-09,17000,11638,5362,125.43,44.44,169.87
F003,2027-01-10,17000,11638,5362,125.43,44.44,169.87
F003,2027-01-11,17000,11638,5362,125.43,44.44,169.87
F003,2027-01-12,17000,11638,5362,125.43,44.44,169.87
F003,2027-01-13,17000,11638,5362,125.43,44.44,169.87
F003,2027-01-14,17000,11638,5362,125.43,44.44,169.87
F003,2027-01-15,17000,11638,5362,125.43,44.44,169.87
F003,2027-01-16,17000,11638,5362,125.43,44.44,169.87
F003,2027-01-17,17000,11638,5362,125.43,44.44,169.87
F003,2027-01-18,17000,11638,5362,125.43,44.44,169.87
F003,2027-01-19,17000,11638,5362,125.43,44.44,169.87
F003,2027-01-20,17000,11638,5362,125.43,44.44,169.87
F003,2027-01-21,17000,11638,5362,125.43,44.44,169.87
F003,2027-01-22,17000,11638,5362,125.43,44.44,169.87
F003,2027-01-23,17000,11638,5362,125.43,44.44,169.87
F003,2027-01-24,17000,11638,5362,125.43,44.44,169.87
F003,2027-01-25,17000,11638,5362,125.43,44.44,169.87
F003,2027-01-26,17000,11638,5362,125.43,44.44,169.87
F003,2027-01-27,17000,11638,5362,125.43,44.44,169.87
F003,2027-01-28,17000,11638,5362,125.43,44.44,169.87
F003,2027-01-29,17000,11638,5362,125.43,44.44,169.87
F003,2027-01-30,17000,11638,5362,125.43,44.44,169.87
F003,2027-01-31,17000,11638,5362,125.43,44.44,169.87
F004,2027-01-01,13000,7495,5505,44.06,11.94,56.00
F004,2027-01-02,13000,7495,5505,44.06,11.94,56.00
F004,2027-01-03,13000,7495,5505,44.06,11.94,56.00
F004,2027-01-04,13000,7495,5505,44.06,11.94,56.00
F004,2027-01-05,13000,7495,5505,44.06,11.94,56.00
F004,2027-01-06,13000,7495,5505,44.06,11.94,56.00
F004,2027-01-07,13000,7495,5505,44.06,11.94,56.00
F004,2027-01-08,13000,7495,5505,44.06,11.94,56.00
F004,2027-01-09,13000,7495,5505,44.06,11.94,56.00
F004,2027-01-10,13000,7495,5505,44.06,11.94,56.00
F004,2027-01-11,13000,7495,5505,44.06,11.94,56.00
F004,2027-01-12,13000,7495,5505,44.06,11.94,56.00
F004,2027-01-13,13000,7495,5505,44.06,11.94,56.00
F004,2027-01-14,13000,7495,5505,44.06,11.94,56.00
F004,2027-01-15,13000,7495,5505,44.06,11.94,56.00
F004,2027-01-16,13000,7495,5505,44.06,11.94,56.00
F004,2027-01-17,13000,7495,5505,44.06,11.94,56.00
F004,2027-01-18,13000,7495,5505,44.06,11.94,56.00
F004,2027-01-19,13000,7495,5505,44.06,11.94,56.00
F004,2027-01-20,13000,7495,5505,44.06,11.94,56.00
F004,2027-01-21,13000,7495,5505,44.06,11.94,56.00
F004,2027-01-22,13000,7495,5505,44.06,11.94,56.00
F004,2027-01-23,13000,7495,5505,44.06,11.94,56.00
F004,2027-01-24,13000,7495,5505,44.06,11.94,56.00
F004,2027-01-25,13000,7495,5505,44.06,11.94,56.00
F004,2027-01-26,13000,7495,5505,44.06,11.94,56.00
F004,2027-01-27,13000,7495,5505,44.06,11.94,56.00
F004,2027-01-28,13000,7495,5505,44.06,11.94,56.00
F004,2027-01-29,13000,7495,5505,44.06,11.94,56.00
F004,2027-01-30,13000,7495,5505,44.06,11.94,56.00
F004,2027-01-31,13000,7495,5505,44.06,11.94,56.00
F005,2027-01-01,19000,11747,7253,20.27,25.28,45.55
F005,2027-01-02,19000,11747,7253,20.27,25.28,45.55
F005,2027-01-03,19000,11747,7253,20.27,25.28,45.55
F005,2027-01-04,19000,11747,7253,20.27,25.28,45.55
F005,2027-01-05,19000,11747,7253,20.27,25.28,45.55
F005,2027-01-06,19000,11747,7253,20.27,25.28,45.55
F005,2027-01-07,19000,11747,7253,20.27,25.28,45.55
F005,2027-01-08,19000,11747,7253,20.27,25.28,45.55
F005,2027-01-09,19000,11747,7253,20.27,25.28,45.55
F005,2027-01-10,19000,11747,7253,20.27,25.28,45.55
F005,2027-01-11,19000,11747,7253,20.27,25.28,45.55
F005,2027-01-12,19000,11747,7253,20.27,25.28,45.55
F005,2027-01-13,19000,11747,7253,20.27,25.28,45.55
F005,2027-01-14,19000,11747,7253,20.27,25.28,45.55
F005,2027-01-15,19000,11747,7253,20.27,25.28,45.55
F005,2027-01-16,19000,11747,7253,20.27,25.28,45.55
F005,2027-01-17,19000,11747,7253,20.27,25.28,45.55
F005,2027-01-18,19000,11747,7253,20.27,25.28,45.55
F005,2027-01-19,19000,11747,7253,20.27,25.28,45.55
F005,2027-01-20,19000,11747,7253,20.27,25.28,45.55
F005,2027-01-21,19000,11747,7253,20.27,25.28,45.55
F005,2027-01-22,19000,11747,7253,20.27,25.28,45.55
F005,2027-01-23,19000,11747,7253,20.27,25.28,45.55
F005,2027-01-24,19000,11747,7253,20.27,25.28,45.55
F005,2027-01-25,19000,11747,7253,20.27,25.28,45.55
F005,2027-01-26,19000,11747,7253,20.27,25.28,45.55
F005,2027-01-27,19000,11747,7253,20.27,25.28,45.55
F005,2027-01-28,19000,11747,7253,20.27,25.28,45.55
F005,2027-01-29,19000,11747,7253,20.27,25.28,45.55
F005,2027-01-30,19000,11747,7253,20.27,25.28,45.55
F005,2027-01-31,19000,11747,7253,20.27,25.28,45.55
F006,2027-01-01,7500,5949,1551,85.02,31.87,116.89
F006,2027-01-02,7500,5949,1551,85.02,31.87,116.89
F006,2027-01-03,7500,5949,1551,85.02,31.87,116.89
F006,2027-01-04,7500,5949,1551,85.02,31.87,116.89
F006,2027-01-05,7500,5949,1551,85.02,31.87,116.89
F006,2027-01-06,7500,5949,1551,85.02,31.87,116.89
F006,2027-01-07,7500,5949,1551,85.02,31.87,116.89
F006,2027-01-08,7500,5949,1551,85.02,31.87,116.89
F006,2027-01-09,7500,5949,1551,85.02,31.87,116.89
F006,2027-01-10,7500,5949,1551,85.02,31.87,116.89
F006,2027-01-11,7500,5949,1551,85.02,31.87,116.89
F006,2027-01-12,7500,5949,1551,85.02,31.87,116.89
F006,2027-01-13,7500,5949,1551,85.02,31.87,116.89
F006,2027-01-14,7500,5949,1551,85.02,31.87,116.89
F006,2027-01-15,7500,5949,1551,85.02,31.87,116.89
F006,2027-01-16,7500,5949,1551,85.02,31.87,116.89
F006,2027-01-17,7500,5949,1551,85.02,31.87,116.89
F006,2027-01-18,7500,5949,1551,85.02,31.87,116.89
F006,2027-01-19,7500,5949,1551,85.02,31.87,116.89
F006,2027-01-20,7500,5949,1551,85.02,31.87,116.89
F006,2027-01-21,7500,5949,1551,85.02,31.87,116.89
F006,2027-01-22,7500,5949,1551,85.02,31.87,116.89
F006,2027-01-23,7500,5949,1551,85.02,31.87,116.89
F006,2027-01-24,7500,5949,1551,85.02,31.87,116.89
F006,2027-01-25,7500,5949,1551,85.02,31.87,116.89
F006,2027-01-26,7500,5949,1551,85.02,31.87,116.89
F006,2027-01-27,7500,5949,1551,85.02,31.87,116.89
F006,2027-01-28,7500,5949,1551,85.02,31.87,116.89
F006,2027-01-29,7500,5949,1551,85.02,31.87,116.89
F006,2027-01-30,7500,5949,1551,85.02,31.87,116.89
F006,2027-01-31,7500,5949,1551,85.02,31.87,116.89
F007,2027-01-01,10500,7438,3062,41.46,27.10,68.56
F007,2027-01-02,10500,7438,3062,41.46,27.10,68.56
F007,2027-01-03,10500,7438,3062,41.46,27.10,68.56
F007,2027-01-04,10500,7438,3062,41.46,27.10,68.56
F007,2027-01-05,10500,7438,3062,41.46,27.10,68.56
F007,2027-01-06,10500,7438,3062,41.46,27.10,68.56
F007,2027-01-07,10500,7438,3062,41.46,27.10,68.56
F007,2027-01-08,10500,7438,3062,41.46,27.10,68.56
F007,2027-01-09,10500,7438,3062,41.46,27.10,68.56
F007,2027-01-10,10500,7438,3062,41.46,27.10,68.56
F007,2027-01-11,10500,7438,3062,41.46,27.10,68.56
F007,2027-01-12,10500,7438,3062,41.46,27.10,68.56
F007,2027-01-13,10500,7438,3062,41.46,27.10,68.56
F007,2027-01-14,10500,7438,3062,41.46,27.10,68.56
F007,2027-01-15,10500,7438,3062,41.46,27.10,68.56
F007,2027-01-16,10500,7438,3062,41.46,27.10,68.56
F007,2027-01-17,10500,7438,3062,41.46,27.10,68.56
F007,2027-01-18,10500,7438,3062,41.46,27.10,68.56
F007,2027-01-19,10500,7438,3062,41.46,27.10,68.56
F007,2027-01-20,10500,7438,3062,41.46,27.10,68.56
F007,2027-01-21,10500,7438,3062,41.46,27.10,68.56
F007,2027-01-22,10500,7438,3062,41.46,27.10,68.56
F007,2027-01-23,10500,7438,3062,41.46,27.10,68.56
F007,2027-01-24,10500,7438,3062,41.46,27.10,68.56
F007,2027-01-25,10500,7438,3062,41.46,27.10,68.56
F007,2027-01-26,10500,7438,3062,41.46,27.10,68.56
F007,2027-01-27,10500,7438,3062,41.46,27.10,68.56
F007,2027-01-28,10500,7438,3062,41.46,27.10,68.56
F007,2027-01-29,10500,7438,3062,41.46,27.10,68.56
F007,2027-01-30,10500,7438,3062,41.46,27.10,68.56
F007,2027-01-31,10500,7438,3062,41.46,27.10,68.56
F008,2027-01-01,10500,6346,4154,63.36,19.79,83.15
F008,2027-01-02,10500,6346,4154,63.36,19.79,83.15
F008,2027-01-03,10500,6346,4154,63.36,19.79,83.15
F008,2027-01-04,10500,6346,4154,63.36,19.79,83.15
F008,2027-01-05,10500,6346,4154,63.36,19.79,83.15
F008,2027-01-06,10500,6346,4154,63.36,19.79,83.15
F008,2027-01-07,10500,6346,4154,63.36,19.79,83.15
F008,2027-01-08,10500,6346,4154,63.36,19.79,83.15
F008,2027-01-09,10500,6346,4154,63.36,19.79,83.15
F008,2027-01-10,10500,6346,4154,63.36,19.79,83.15
F008,2027-01-11,10500,6346,4154,63.36,19.79,83.15
F008,2027-01-12,10500,6346,4154,63.36,19.79,83.15
F008,2027-01-13,10500,6346,4154,63.36,19.79,83.15
F008,2027-01-14,10500,6346,4154,63.36,19.79,83.15
F008,2027-01-15,10500,6346,4154,63.36,19.79,83.15
F008,2027-01-16,10500,6346,4154,63.36,19.79,83.15
F008,2027-01-17,10500,6346,4154,63.36,19.79,83.15
F008,2027-01-18,10500,6346,4154,63.36,19.79,83.15
F008,2027-01-19,10500,6346,4154,63.36,19.79,83.15
F008,2027-01-20,10500,6346,4154,63.36,19.79,83.15
F008,2027-01-21,10500,6346,4154,63.36,19.79,83.15
F008,2027-01-22,10500,6346,4154,63.36,19.79,83.15
F008,2027-01-23,10500,6346,4154,63.36,19.79,83.15
F008,2027-01-24,10500,6346,4154,63.36,19.79,83.15
F008,2027-01-25,10500,6346,4154,63.36,19.79,83.15
F008,2027-01-26,10500,6346,4154,63.36,19.79,83.15
F008,2027-01-27,10500,6346,4154,63.36,19.79,83.15
F008,2027-01-28,10500,6346,4154,63.36,19.79,83.15
F008,2027-01-29,10500,6346,4154,63.36,19.79,83.15
F008,2027-01-30,10500,6346,4154,63.36,19.79,83.15
F008,2027-01-31,10500,6346,4154,63.36,19.79,83.15
F009,2027-01-01,7500,6070,1430,58.29,13.12,71.41
F009,2027-01-02,7500,6070,1430,58.29,13.12,71.41
F009,2027-01-03,7500,6070,1430,58.29,13.12,71.41
F009,2027-01-04,7500,6070,1430,58.29,13.12,71.41
F009,2027-01-05,7500,6070,1430,58.29,13.12,71.41
F009,2027-01-06,7500,6070,1430,58.29,13.12,71.41
F009,2027-01-07,7500,6070,1430,58.29,13.12,71.41
F009,2027-01-08,7500,6070,1430,58.29,13.12,71.41
F009,2027-01-09,7500,6070,1430,58.29,13.12,71.41
F009,2027-01-10,7500,6070,1430,58.29,13.12,71.41
F009,2027-01-11,7500,6070,1430,58.29,13.12,71.41
F009,2027-01-12,7500,6070,1430,58.29,13.12,71.41
F009,2027-01-13,7500,6070,1430,58.29,13.12,71.41
F009,2027-01-14,7500,6070,1430,58.29,13.12,71.41
F009,2027-01-15,7500,6070,1430,58.29,13.12,71.41
F009,2027-01-16,7500,6070,1430,58.29,13.12,71.41
F009,2027-01-17,7500,6070,1430,58.29,13.12,71.41
F009,2027-01-18,7500,6070,1430,58.29,13.12,71.41
F009,2027-01-19,7500,6070,1430,58.29,13.12,71.41
F009,2027-01-20,7500,6070,1430,58.29,13.12,71.41
F009,2027-01-21,7500,6070,1430,58.29,13.12,71.41
F009,2027-01-22,7500,6070,1430,58.29,13.12,71.41
F009,2027-01-23,7500,6070,1430,58.29,13.12,71.41
F009,2027-01-24,7500,6070,1430,58.29,13.12,71.41
F009,2027-01-25,7500,6070,1430,58.29,13.12,71.41
F009,2027-01-26,7500,6070,1430,58.29,13.12,71.41
F009,2027-01-27,7500,6070,1430,58.29,13.12,71.41
F009,2027-01-28,7500,6070,1430,58.29,13.12,71.41
F009,2027-01-29,7500,6070,1430,58.29,13.12,71.41
F009,2027-01-30,7500,6070,1430,58.29,13.12,71.41
F009,2027-01-31,7500,6070,1430,58.29,13.12,71.41
F010,2027-01-01,4000,3454,546,54.84,16.95,71.79
F010,2027-01-02,4000,3454,546,54.84,16.95,71.79
F010,2027-01-03,4000,3454,546,54.84,16.95,71.79
F010,2027-01-04,4000,3454,546,54.84,16.95,71.79
F010,2027-01-05,4000,3454,546,54.84,16.95,71.79
F010,2027-01-06,4000,3454,546,54.84,16.95,71.79
F010,2027-01-07,4000,3454,546,54.84,16.95,71.79
F010,2027-01-08,4000,3454,546,54.84,16.95,71.79
F010,2027-01-09,4000,3454,546,54.84,16.95,71.79
F010,2027-01-10,4000,3454,546,54.84,16.95,71.79
F010,2027-01-11,4000,3454,546,54.84,16.95,71.79
F010,2027-01-12,4000,3454,546,54.84,16.95,71.79
F010,2027-01-13,4000,3454,546,54.84,16.95,71.79
F010,2027-01-14,4000,3454,546,54.84,16.95,71.79
F010,2027-01-15,4000,3454,546,54.84,16.95,71.79
F010,2027-01-16,4000,3454,546,54.84,16.95,71.79
F010,2027-01-17,4000,3454,546,54.84,16.95,71.79
F010,2027-01-18,4000,3454,546,54.84,16.95,71.79
F010,2027-01-19,4000,3454,546,54.84,16.95,71.79
F010,2027-01-20,4000,3454,546,54.84,16.95,71.79
F010,2027-01-21,4000,3454,546,54.84,16.95,71.79
F010,2027-01-22,4000,3454,546,54.84,16.95,71.79
F010,2027-01-23,4000,3454,546,54.84,16.95,71.79
F010,2027-01-24,4000,3454,546,54.84,16.95,71.79
F010,2027-01-25,4000,3454,546,54.84,16.95,71.79
F010,2027-01-26,4000,3454,546,54.84,16.95,71.79
F010,2027-01-27,4000,3454,546,54.84,16.95,71.79
F010,2027-01-28,4000,3454,546,54.84,16.95,71.79
F010,2027-01-29,4000,3454,546,54.84,16.95,71.79
F010,2027-01-30,4000,3454,546,54.84,16.95,71.79
F010,2027-01-31,4000,3454,546,54.84,16.95,71.79
F011,2027-01-01,10000,8363,1637,75.58,42.14,117.72
F011,2027-01-02,10000,8363,1637,75.58,42.14,117.72
F011,2027-01-03,10000,8363,1637,75.58,42.14,117.72
F011,2027-01-04,10000,8363,1637,75.58,42.14,117.72
F011,2027-01-05,10000,8363,1637,75.58,42.14,117.72
F011,2027-01-06,10000,8363,1637,75.58,42.14,117.72
F011,2027-01-07,10000,8363,1637,75.58,42.14,117.72
F011,2027-01-08,10000,8363,1637,75.58,42.14,117.72
F011,2027-01-09,10000,8363,1637,75.58,42.14,117.72
F011,2027-01-10,10000,8363,1637,75.58,42.14,117.72
F011,2027-01-11,10000,8363,1637,75.58,42.14,117.72
F011,2027-01-12,10000,8363,1637,75.58,42.14,117.72
F011,2027-01-13,10000,8363,1637,75.58,42.14,117.72
F011,2027-01-14,10000,8363,1637,75.58,42.14,117.72
F011,2027-01-15,10000,8363,1637,75.58,42.14,117.72
F011,2027-01-16,10000,8363,1637,75.58,42.14,117.72
F011,2027-01-17,10000,8363,1637,75.58,42.14,117.72
F011,2027-01-18,10000,8363,1637,75.58,42.14,117.72
F011,2027-01-19,10000,8363,1637,75.58,42.14,117.72
F011,2027-01-20,10000,8363,1637,75.58,42.14,117.72
F011,2027-01-21,10000,8363,1637,75.58,42.14,117.72
F011,2027-01-22,10000,8363,1637,75.58,42.14,117.72
F011,2027-01-23,10000,8363,1637,75.58,42.14,117.72
F011,2027-01-24,10000,8363,1637,75.58,42.14,117.72
F011,2027-01-25,10000,8363,1637,75.58,42.14,117.72
F011,2027-01-26,10000,8363,1637,75.58,42.14,117.72
F011,2027-01-27,10000,8363,1637,75.58,42.14,117.72
F011,2027-01-28,10000,8363,1637,75.58,42.14,117.72
F011,2027-01-29,10000,8363,1637,75.58,42.14,117.72
F011,2027-01-30,10000,8363,1637,75.58,42.14,117.72
F011,2027-01-31,10000,8363,1637,75.58,42.14,117.72
F012,2027-01-01,16000,9350,6650,71.77,44.05,115.82
F012,2027-01-02,16000,9350,6650,71.77,44.05,115.82
F012,2027-01-03,16000,9350,6650,71.77,44.05,115.82
F012,2027-01-04,16000,9350,6650,71.77,44.05,115.82
F012,2027-01-05,16000,9350,6650,71.77,44.05,115.82
F012,2027-01-06,16000,9350,6650,71.77,44.05,115.82
F012,2027-01-07,16000,9350,6650,71.77,44.05,115.82
F012,2027-01-08,16000,9350,6650,71.77,44.05,115.82
F012,2027-01-09,16000,9350,6650,71.77,44.05,115.82
F012,2027-01-10,16000,9350,6650,71.77,44.05,115.82
F012,2027-01-11,16000,9350,6650,71.77,44.05,115.82
F012,2027-01-12,16000,9350,6650,71.77,44.05,115.82
F012,2027-01-13,16000,9350,6650,71.77,44.05,115.82
F012,2027-01-14,16000,9350,6650,71.77,44.05,115.82
F012,2027-01-15,16000,9350,6650,71.77,44.05,115.82
F012,2027-01-16,16000,9350,6650,71.77,44.05,115.82
F012,2027-01-17,16000,9350,6650,71.77,44.05,115.82
F012,2027-01-18,16000,9350,6650,71.77,44.05,115.82
F012,2027-01-19,16000,9350,6650,71.77,44.05,115.82
F012,2027-01-20,16000,9350,6650,71.77,44.05,115.82
F012,2027-01-21,16000,9350,6650,71.77,44.05,115.82
F012,2027-01-22,16000,9350,6650,71.77,44.05,115.82
F012,2027-01-23,16000,9350,6650,71.77,44.05,115.82
F012,2027-01-24,16000,9350,6650,71.77,44.05,115.82
F012,2027-01-25,16000,9350,6650,71.77,44.05,115.82
F012,2027-01-26,16000,9350,6650,71.77,44.05,115.82
F012,2027-01-27,16000,9350,6650,71.77,44.05,115.82
F012,2027-01-28,16000,9350,6650,71.77,44.05,115.82
F012,2027-01-29,16000,9350,6650,71.77,44.05,115.82
F012,2027-01-30,16000,9350,6650,71.77,44.05,115.82
F012,2027-01-31,16000,9350,6650,71.77,44.05,115.82
F013,2027-01-01,4000,3336,664,34.97,21.86,56.83
F013,2027-01-02,4000,3336,664,34.97,21.86,56.83
F013,2027-01-03,4000,3336,664,34.97,21.86,56.83
F013,2027-01-04,4000,3336,664,34.97,21.86,56.83
F013,2027-01-05,4000,3336,664,34.97,21.86,56.83
F013,2027-01-06,4000,3336,664,34.97,21.86,56.83
F013,2027-01-07,4000,3336,664,34.97,21.86,56.83
F013,2027-01-08,4000,3336,664,34.97,21.86,56.83
F013,2027-01-09,4000,3336,664,34.97,21.86,56.83
F013,2027-01-10,4000,3336,664,34.97,21.86,56.83
F013,2027-01-11,4000,3336,664,34.97,21.86,56.83
F013,2027-01-12,4000,3336,664,34.97,21.86,56.83
F013,2027-01-13,4000,3336,664,34.97,21.86,56.83
F013,2027-01-14,4000,3336,664,34.97,21.86,56.83
F013,2027-01-15,4000,3336,664,34.97,21.86,56.83
F013,2027-01-16,4000,3336,664,34.97,21.86,56.83
F013,2027-01-17,4000,3336,664,34.97,21.86,56.83
F013,2027-01-18,4000,3336,664,34.97,21.86,56.83
F013,2027-01-19,4000,3336,664,34.97,21.86,56.83
F013,2027-01-20,4000,3336,664,34.97,21.86,56.83
F013,2027-01-21,4000,3336,664,34.97,21.86,56.83
F013,2027-01-22,4000,3336,664,34.97,21.86,56.83
F013,2027-01-23,4000,3336,664,34.97,21.86,56.83
F013,2027-01-24,4000,3336,664,34.97,21.86,56.83
F013,2027-01-25,4000,3336,664,34.97,21.86,56.83
F013,2027-01-26,4000,3336,664,34.97,21.86,56.83
F013,2027-01-27,4000,3336,664,34.97,21.86,56.83
F013,2027-01-28,4000,3336,664,34.97,21.86,56.83
F013,2027-01-29,4000,3336,664,34.97,21.86,56.83
F013,2027-01-30,4000,3336,664,34.97,21.86,56.83
F013,2027-01-31,4000,3336,664,34.97,21.86,56.83
F014,2027-01-01,4500,3219,1281,73.78,27.63,101.41
F014,2027-01-02,4500,3219,1281,73.78,27.63,101.41
F014,2027-01-03,4500,3219,1281,73.78,27.63,101.41
F014,2027-01-04,4500,3219,1281,73.78,27.63,101.41
F014,2027-01-05,4500,3219,1281,73.78,27.63,101.41
F014,2027-01-06,4500,3219,1281,73.78,27.63,101.41
F014,2027-01-07,4500,3219,1281,73.78,27.63,101.41
F014,2027-01-08,4500,3219,1281,73.78,27.63,101.41
F014,2027-01-09,4500,3219,1281,73.78,27.63,101.41
F014,2027-01-10,4500,3219,1281,73.78,27.63,101.41
F014,2027-01-11,4500,3219,1281,73.78,27.63,101.41
F014,2027-01-12,4500,3219,1281,73.78,27.63,101.41
F014,2027-01-13,4500,3219,1281,73.78,27.63,101.41
F014,2027-01-14,4500,3219,1281,73.78,27.63,101.41
F014,2027-01-15,4500,3219,1281,73.78,27.63,101.41
F014,2027-01-16,4500,3219,1281,73.78,27.63,101.41
F014,2027-01-17,4500,3219,1281,73.78,27.63,101.41
F014,2027-01-18,4500,3219,1281,73.78,27.63,101.41
F014,2027-01-19,4500,3219,1281,73.78,27.63,101.41
F014,2027-01-20,4500,3219,1281,73.78,27.63,101.41
F014,2027-01-21,4500,3219,1281,73.78,27.63,101.41
F014,2027-01-22,4500,3219,1281,73.78,27.63,101.41
F014,2027-01-23,4500,3219,1281,73.78,27.63,101.41
F014,2027-01-24,4500,3219,1281,73.78,27.63,101.41
F014,2027-01-25,4500,3219,1281,73.78,27.63,101.41
F014,2027-01-26,4500,3219,1281,73.78,27.63,101.41
F014,2027-01-27,4500,3219,1281,73.78,27.63,101.41
F014,2027-01-28,4500,3219,1281,73.78,27.63,101.41
F014,2027-01-29,4500,3219,1281,73.78,27.63,101.41
F014,2027-01-30,4500,3219,1281,73.78,27.63,101.41
F014,2027-01-31,4500,3219,1281,73.78,27.63,101.41
F015,2027-01-01,17500,14290,3210,36.44,20.81,57.25
F015,2027-01-02,17500,14290,3210,36.44,20.81,57.25
F015,2027-01-03,17500,14290,3210,36.44,20.81,57.25
F015,2027-01-04,17500,14290,3210,36.44,20.81,57.25
F015,2027-01-05,17500,14290,3210,36.44,20.81,57.25
F015,2027-01-06,17500,14290,3210,36.44,20.81,57.25
F015,2027-01-07,17500,14290,3210,36.44,20.81,57.25
F015,2027-01-08,17500,14290,3210,36.44,20.81,57.25
F015,2027-01-09,17500,14290,3210,36.44,20.81,57.25
F015,2027-01-10,17500,14290,3210,36.44,20.81,57.25
F015,2027-01-11,17500,14290,3210,36.44,20.81,57.25
F015,2027-01-12,17500,14290,3210,36.44,20.81,57.25
F015,2027-01-13,17500,14290,3210,36.44,20.81,57.25
F015,2027-01-14,17500,14290,3210,36.44,20.81,57.25
F015,2027-01-15,17500,14290,3210,36.44,20.81,57.25
F015,2027-01-16,17500,14290,3210,36.44,20.81,57.25
F015,2027-01-17,17500,14290,3210,36.44,20.81,57.25
F015,2027-01-18,17500,14290,3210,36.44,20.81,57.25
F015,2027-01-19,17500,14290,3210,36.44,20.81,57.25
F015,2027-01-20,17500,14290,3210,36.44,20.81,57.25
F015,2027-01-21,17500,14290,3210,36.44,20.81,57.25
F015,2027-01-22,17500,14290,3210,36.44,20.81,57.25
F015,2027-01-23,17500,14290,3210,36.44,20.81,57.25
F015,2027-01-24,17500,14290,3210,36.44,20.81,57.25
F015,2027-01-25,17500,14290,3210,36.44,20.81,57.25
F015,2027-01-26,17500,14290,3210,36.44,20.81,57.25
F015,2027-01-27,17500,14290,3210,36.44,20.81,57.25
F015,2027-01-28,17500,14290,3210,36.44,20.81,57.25
F015,2027-01-29,17500,14290,3210,36.44,20.81,57.25
F015,2027-01-30,17500,14290,3210,36.44,20.81,57.25
F015,2027-01-31,17500,14290,3210,36.44,20.81,57.25
F016,2027-01-01,20000,13598,6402,70.33,37.40,107.73
F016,2027-01-02,20000,13598,6402,70.33,37.40,107.73
F016,2027-01-03,20000,13598,6402,70.33,37.40,107.73
F016,2027-01-04,20000,13598,6402,70.33,37.40,107.73
F016,2027-01-05,20000,13598,6402,70.33,37.40,107.73
F016,2027-01-06,20000,13598,6402,70.33,37.40,107.73
F016,2027-01-07,20000,13598,6402,70.33,37.40,107.73
F016,2027-01-08,20000,13598,6402,70.33,37.40,107.73
F016,2027-01-09,20000,13598,6402,70.33,37.40,107.73
F016,2027-01-10,20000,13598,6402,70.33,37.40,107.73
F016,2027-01-11,20000,13598,6402,70.33,37.40,107.73
F016,2027-01-12,20000,13598,6402,70.33,37.40,107.73
F016,2027-01-13,20000,13598,6402,70.33,37.40,107.73
F016,2027-01-14,20000,13598,6402,70.33,37.40,107.73
F016,2027-01-15,20000,13598,6402,70.33,37.40,107.73
F016,2027-01-16,20000,13598,6402,70.33,37.40,107.73
F016,2027-01-17,20000,13598,6402,70.33,37.40,107.73
F016,2027-01-18,20000,13598,6402,70.33,37.40,107.73
F016,2027-01-19,20000,13598,6402,70.33,37.40,107.73
F016,2027-01-20,20000,13598,6402,70.33,37.40,107.73
F016,2027-01-21,20000,13598,6402,70.33,37.40,107.73
F016,2027-01-22,20000,13598,6402,70.33,37.40,107.73
F016,2027-01-23,20000,13598,6402,70.33,37.40,107.73
F016,2027-01-24,20000,13598,6402,70.33,37.40,107.73
F016,2027-01-25,20000,13598,6402,70.33,37.40,107.73
F016,2027-01-26,20000,13598,6402,70.33,37.40,107.73
F016,2027-01-27,20000,13598,6402,70.33,37.40,107.73
F016,2027-01-28,20000,13598,6402,70.33,37.40,107.73
F016,2027-01-29,20000,13598,6402,70.33,37.40,107.73
F016,2027-01-30,20000,13598,6402,70.33,37.40,107.73
F016,2027-01-31,20000,13598,6402,70.33,37.40,107.73
F017,2027-01-01,18000,12720,5280,111.20,9.55,120.75
F017,2027-01-02,18000,12720,5280,111.20,9.55,120.75
F017,2027-01-03,18000,12720,5280,111.20,9.55,120.75
F017,2027-01-04,18000,12720,5280,111.20,9.55,120.75
F017,2027-01-05,18000,12720,5280,111.20,9.55,120.75
F017,2027-01-06,18000,12720,5280,111.20,9.55,120.75
F017,2027-01-07,18000,12720,5280,111.20,9.55,120.75
F017,2027-01-08,18000,12720,5280,111.20,9.55,120.75
F017,2027-01-09,18000,12720,5280,111.20,9.55,120.75
F017,2027-01-10,18000,12720,5280,111.20,9.55,120.75
F017,2027-01-11,18000,12720,5280,111.20,9.55,120.75
F017,2027-01-12,18000,12720,5280,111.20,9.55,120.75
F017,2027-01-13,18000,12720,5280,111.20,9.55,120.75
F017,2027-01-14,18000,12720,5280,111.20,9.55,120.75
F017,2027-01-15,18000,12720,5280,111.20,9.55,120.75
F017,2027-01-16,18000,12720,5280,111.20,9.55,120.75
F017,2027-01-17,18000,12720,5280,111.20,9.55,120.75
F017,2027-01-18,18000,12720,5280,111.20,9.55,120.75
F017,2027-01-19,18000,12720,5280,111.20,9.55,120.75
F017,2027-01-20,18000,12720,5280,111.20,9.55,120.75
F017,2027-01-21,18000,12720,5280,111.20,9.55,120.75
F017,2027-01-22,18000,12720,5280,111.20,9.55,120.75
F017,2027-01-23,18000,12720,5280,111.20,9.55,120.75
F017,2027-01-24,18000,12720,5280,111.20,9.55,120.75
F017,2027-01-25,18000,12720,5280,111.20,9.55,120.75
F017,2027-01-26,18000,12720,5280,111.20,9.55,120.75
F017,2027-01-27,18000,12720,5280,111.20,9.55,120.75
F017,2027-01-28,18000,12720,5280,111.20,9.55,120.75
F017,2027-01-29,18000,12720,5280,111.20,9.55,120.75
F017,2027-01-30,18000,12720,5280,111.20,9.55,120.75
F017,2027-01-31,18000,12720,5280,111.20,9.55,120.75
F018,2027-01-01,4500,2868,1632,98.97,38.57,137.54
F018,2027-01-02,4500,2868,1632,98.97,38.57,137.54
F018,2027-01-03,4500,2868,1632,98.97,38.57,137.54
F018,2027-01-04,4500,2868,1632,98.97,38.57,137.54
F018,2027-01-05,4500,2868,1632,98.97,38.57,137.54
F018,2027-01-06,4500,2868,1632,98.97,38.57,137.54
F018,2027-01-07,4500,2868,1632,98.97,38.57,137.54
F018,2027-01-08,4500,2868,1632,98.97,38.57,137.54
F018,2027-01-09,4500,2868,1632,98.97,38.57,137.54
F018,2027-01-10,4500,2868,1632,98.97,38.57,137.54
F018,2027-01-11,4500,2868,1632,98.97,38.57,137.54
F018,2027-01-12,4500,2868,1632,98.97,38.57,137.54
F018,2027-01-13,4500,2868,1632,98.97,38.57,137.54
F018,2027-01-14,4500,2868,1632,98.97,38.57,137.54
F018,2027-01-15,4500,2868,1632,98.97,38.57,137.54
F018,2027-01-16,4500,2868,1632,98.97,38.57,137.54
F018,2027-01-17,4500,2868,1632,98.97,38.57,137.54
F018,2027-01-18,4500,2868,1632,98.97,38.57,137.54
F018,2027-01-19,4500,2868,1632,98.97,38.57,137.54
F018,2027-01-20,4500,2868,1632,98.97,38.57,137.54
F018,2027-01-21,4500,2868,1632,98.97,38.57,137.54
F018,2027-01-22,4500,2868,1632,98.97,38.57,137.54
F018,2027-01-23,4500,2868,1632,98.97,38.57,137.54
F018,2027-01-24,4500,2868,1632,98.97,38.57,137.54
F018,2027-01-25,4500,2868,1632,98.97,38.57,137.54
F018,2027-01-26,4500,2868,1632,98.97,38.57,137.54
F018,2027-01-27,4500,2868,1632,98.97,38.57,137.54
F018,2027-01-28,4500,2868,1632,98.97,38.57,137.54
F018,2027-01-29,4500,2868,1632,98.97,38.57,137.54
F018,2027-01-30,4500,2868,1632,98.97,38.57,137.54
F018,2027-01-31,4500,2868,1632,98.97,38.57,137.54
F019,2027-01-01,5500,3666,1834,28.45,39.71,68.16
F019,2027-01-02,5500,3666,1834,28.45,39.71,68.16
F019,2027-01-03,5500,3666,1834,28.45,39.71,68.16
F019,2027-01-04,5500,3666,1834,28.45,39.71,68.16
F019,2027-01-05,5500,3666,1834,28.45,39.71,68.16
F019,2027-01-06,5500,3666,1834,28.45,39.71,68.16
F019,2027-01-07,5500,3666,1834,28.45,39.71,68.16
F019,2027-01-08,5500,3666,1834,28.45,39.71,68.16
F019,2027-01-09,5500,3666,1834,28.45,39.71,68.16
F019,2027-01-10,5500,3666,1834,28.45,39.71,68.16
F019,2027-01-11,5500,3666,1834,28.45,39.71,68.16
F019,2027-01-12,5500,3666,1834,28.45,39.71,68.16
F019,2027-01-13,5500,3666,1834,28.45,39.71,68.16
F019,2027-01-14,5500,3666,1834,28.45,39.71,68.16
F019,2027-01-15,5500,3666,1834,28.45,39.71,68.16
F019,2027-01-16,5500,3666,1834,28.45,39.71,68.16
F019,2027-01-17,5500,3666,1834,28.45,39.71,68.16
F019,2027-01-18,5500,3666,1834,28.45,39.71,68.16
F019,2027-01-19,5500,3666,1834,28.45,39.71,68.16
F019,2027-01-20,5500,3666,1834,28.45,39.71,68.16
F019,2027-01-21,5500,3666,1834,28.45,39.71,68.16
F019,2027-01-22,5500,3666,1834,28.45,39.71,68.16
F019,2027-01-23,5500,3666,1834,28.45,39.71,68.16
F019,2027-01-24,5500,3666,1834,28.45,39.71,68.16
F019,2027-01-25,5500,3666,1834,28.45,39.71,68.16
F019,2027-01-26,5500,3666,1834,28.45,39.71,68.16
F019,2027-01-27,5500,3666,1834,28.45,39.71,68.16
F019,2027-01-28,5500,3666,1834,28.45,39.71,68.16
F019,2027-01-29,5500,3666,1834,28.45,39.71,68.16
F019,2027-01-30,5500,3666,1834,28.45,39.71,68.16
F019,2027-01-31,5500,3666,1834,28.45,39.71,68.16
F020,2027-01-01,9000,7014,1986,58.18,29.83,88.01
F020,2027-01-02,9000,7014,1986,58.18,29.83,88.01
F020,2027-01-03,9000,7014,1986,58.18,29.83,88.01
F020,2027-01-04,9000,7014,1986,58.18,29.83,88.01
F020,2027-01-05,9000,7014,1986,58.18,29.83,88.01
F020,2027-01-06,9000,7014,1986,58.18,29.83,88.01
F020,2027-01-07,9000,7014,1986,58.18,29.83,88.01
F020,2027-01-08,9000,7014,1986,58.18,29.83,88.01
F020,2027-01-09,9000,7014,1986,58.18,29.83,88.01
F020,2027-01-10,9000,7014,1986,58.18,29.83,88.01
F020,2027-01-11,9000,7014,1986,58.18,29.83,88.01
F020,2027-01-12,9000,7014,1986,58.18,29.83,88.01
F020,2027-01-13,9000,7014,1986,58.18,29.83,88.01
F020,2027-01-14,9000,7014,1986,58.18,29.83,88.01
F020,2027-01-15,9000,7014,1986,58.18,29.83,88.01
F020,2027-01-16,9000,7014,1986,58.18,29.83,88.01
F020,2027-01-17,9000,7014,1986,58.18,29.83,88.01
F020,2027-01-18,9000,7014,1986,58.18,29.83,88.01
F020,2027-01-19,9000,7014,1986,58.18,29.83,88.01
F020,2027-01-20,9000,7014,1986,58.18,29.83,88.01
F020,2027-01-21,9000,7014,1986,58.18,29.83,88.01
F020,2027-01-22,9000,7014,1986,58.18,29.83,88.01
F020,2027-01-23,9000,7014,1986,58.18,29.83,88.01
F020,2027-01-24,9000,7014,1986,58.18,29.83,88.01
F020,2027-01-25,9000,7014,1986,58.18,29.83,88.01
F020,2027-01-26,9000,7014,1986,58.18,29.83,88.01
F020,2027-01-27,9000,7014,1986,58.18,29.83,88.01
F020,2027-01-28,9000,7014,1986,58.18,29.83,88.01
F020,2027-01-29,9000,7014,1986,58.18,29.83,88.01
F020,2027-01-30,9000,7014,1986,58.18,29.83,88.01
F020,2027-01-31,9000,7014,1986,58.18,29.83,88.01
